prénom,"groupe TD",passé,"futur (métier)","appétence stats (1 bcp 4 pas du tout)","code INSEE commune choisie",,,
,,,,,,,,
,,,,,,,,
,,,,,,,,
,,,,,,,,
,,,,,,,,
Lucia,3,"License 2",urbanisme,1,75118,,,
Mamoune,3,"License 2",autre,3,93010,,,
nathan,3,"License 2",autre,3,,,,
,,,,,,,,
,,,,,,,,
Nour,3,"License 2","ne sait pas",3,75056,,,
,,,,,,,,
Lilian,3,"License 2",,3,95527,,,
Enzo,,"License 2",géomatique,2,75010,,,
,,,,,,,,
,,,,,,,,
Lilou,3,Prépa,,4,29232,,,
,,,,,,,,
Fifaliana,3,"License 2",urbanisme,2,93048,,,
Elie-Grace,3,"License 2",,3,94017,,,
Erwan,3,"License 2",urbanisme,4,93008,,,
Ines,3,"License 2",urbanisme,2,92026,,,
,,,,,,,,
Chaima,,"License 3",,3,93064,,,
Gaspard,3,Prépa,"ne sait pas",3,66124,,,
,,,,,,,,
,,,,,,,,
Maksym,3,"License 2",urbanisme,2,92023,,,
,,,,,,,,
Lucie,3,"License 3",,3,92062,,,
Louÿ,3,Prépa,urbanisme,2,72181,,,
